Year,Crop,Yield,Rainfall
2015,Wheat,2.3,650
2016,Wheat,2.5,750
2017,Wheat,2.7,820
2018,Wheat,2.5,800
2019,Wheat,2.8,900
2020,Wheat,2.6,750
2021,Wheat,3.0,1000
2022,Wheat,2.9,850
2015,Rice,3.0,1100
2016,Rice,3.1,1250
2017,Rice,3.3,1350
2018,Rice,3.2,1200
2019,Rice,3.4,1300
2020,Rice,3.1,1150
2021,Rice,3.5,1400
2022,Rice,3.3,1250
2015,Corn,4.2,850
2016,Corn,4.4,900
2017,Corn,4.7,980
2018,Corn,4.5,900
2019,Corn,4.8,950
2020,Corn,4.6,850
2021,Corn,5.0,1100
2022,Corn,4.9,1000
2015,Soybeans,2.8,700
2016,Soybeans,3.0,800
2017,Soybeans,3.2,850
2018,Soybeans,3.1,820
2019,Soybeans,3.4,900
2020,Soybeans,3.3,880
2021,Soybeans,3.6,950
2022,Soybeans,3.5,920
2015,Cotton,1.8,500
2016,Cotton,2.0,600
2017,Cotton,2.2,650
2018,Cotton,2.1,620
2019,Cotton,2.4,700
2020,Cotton,2.3,680
2021,Cotton,2.6,750
2022,Cotton,2.5,720